Workbook
Name Category: 'Task 1'!$A$69:$A$70
Name SubCategory: 'Task 1'!$B$69:$B$72

Sheet Genre
A1: Genre Code | B1: Genre Name
A2: 101 | B2: Adventure
A3: 102 | B3: Action
A4: 103 | B4: Fantasy
A5: 104 | B5: Sci-Fi
A6: 105 | B6: Drama
A7: 106 | B7: Comedy
A8: 107 | B8: Thriller
A9: 108 | B9: Sports

Sheet Task 1
A1: Column Name | B1: Category (Qualitative/Quantitative) | C1: Sub-Category (Nominal/Ordinal/Discrete/Continuous)
A2: Movie ID | B2: Qualitative | C2: Ordinal
A3: Movie Name | B3: Qualitative | C3: Nominal
A4: Genre Code | B4: Qualitative | C4: Ordinal
A5: Release Date | B5: Qualitative | C5: Ordinal
A6: Release Year | B6: Qualitative | C6: Ordinal
A7: Total Gross (in ₹ Crores) | B7: Quantitative | C7: Continuous
A8: Review Rating | B8: Qualitative | C8: Ordinal
A9: Number of Days Movie Run | B9: Quantitative | C9: Discrete
A10: Language | B10: Qualitative | C10: Nominal
A11: Genre Name | B11: Qualitative | C11: Nominal
A68: Category (Qualitative/Quantitative) | B68: Sub-Category (Nominal/Ordinal/Discrete/Continuous)
A69: Qualitative | B69: Nominal
A70: Quantitative | B70: Ordinal
B71: Discrete
B72: Continuous

Sheet Task 2
A1: Movie ID | B1: Movie Name | C1: Genre Code | D1: Release Date | E1: Release Year | F1: Total Gross (in ₹ Crores) | G1: Review Rating | H1: Number of Days Movie Run | I1: Language | J1: Genre Name
A2: M101 | B2: Pathaan | C2: 102 | D2: 44951 | E2: 2023 | F2: 1050 | G2: 8 | H2: 100 | I2: Hindi | J2: =VLOOKUP(C2,Genre!$A$2:$B$9,2,) -> Action
A3: M102 | B3: Jawan | C3: 102 | D3: 45176 | E3: 2023 | F3: 1100 | G3: 8 | H3: 120 | I3: Hindi | J3: =VLOOKUP(C3,Genre!$A$2:$B$9,2,) -> Action
A4: M103 | B4: Gadar 2 | C4: 105 | D4: 45149 | E4: 2023 | F4: 650 | G4: 7 | H4: 80 | I4: Hindi | J4: =VLOOKUP(C4,Genre!$A$2:$B$9,2,) -> Drama
A5: M104 | B5: Brahmastra | C5: 103 | D5: 44813 | E5: 2022 | F5: 430 | G5: 6 | H5: 75 | I5: Hindi | J5: =VLOOKUP(C5,Genre!$A$2:$B$9,2,) -> Fantasy
A6: M105 | B6: Rocky Aur Rani Ki Prem Kahani | C6: 106 | D6: 45135 | E6: 2023 | F6: 350 | G6: 8 | H6: 60 | I6: Hindi | J6: =VLOOKUP(C6,Genre!$A$2:$B$9,2,) -> Comedy
A7: M106 | B7: RRR | C7: 107 | D7: 44645 | E7: 2022 | F7: 1250 | G7: 9 | H7: 200 | I7: Telugu | J7: =VLOOKUP(C7,Genre!$A$2:$B$9,2,) -> Thriller
A8: M107 | B8: KGF: Chapter 2 | C8: 102 | D8: 44665 | E8: 2022 | F8: 1200 | G8: 9 | H8: 150 | I8: Kannada | J8: =VLOOKUP(C8,Genre!$A$2:$B$9,2,) -> Action
A9: M108 | B9: Kantara | C9: 105 | D9: 44834 | E9: 2022 | F9: 450 | G9: 8 | H9: 90 | I9: Kannada | J9: =VLOOKUP(C9,Genre!$A$2:$B$9,2,) -> Drama
A10: M109 | B10: Vikram | C10: 104 | D10: 44715 | E10: 2022 | F10: 500 | G10: 8 | H10: 100 | I10: Tamil | J10: =VLOOKUP(C10,Genre!$A$2:$B$9,2,) -> Sci-Fi
A11: M110 | B11: Ponniyin Selvan: Part 1 | C11: 103 | D11: 44834 | E11: 2022 | F11: 500 | G11: 7 | H11: 100 | I11: Tamil | J11: =VLOOKUP(C11,Genre!$A$2:$B$9,2,) -> Fantasy
A12: M111 | B12: Drishyam 2 | C12: 107 | D12: 44883 | E12: 2022 | F12: 350 | G12: 7 | H12: 85 | I12: Hindi | J12: =VLOOKUP(C12,Genre!$A$2:$B$9,2,) -> Thriller
A13: M112 | B13: Bhool Bhulaiyaa 2 | C13: 106 | D13: 44701 | E13: 2022 | F13: 266 | G13: 7 | H13: 70 | I13: Hindi | J13: =VLOOKUP(C13,Genre!$A$2:$B$9,2,) -> Comedy
... A31: M130 | B31: Gangubai Kathiawadi | C31: 105 | D31: 44617 | E31: 2022 | F31: 240 | G31: 8 | H31: 200 | I31: Hindi | J31: =VLOOKUP(C31,Genre!$A$2:$B$9,2,) -> Drama

Sheet Task 3
A1: Task 3: Apply conditional logic to extract insights from movie dataset. | B1: Enter your formula below
A2: 3.1 Calculate the total gross for movies in the "Action" genre that ran for more than 200 days in theatres. | B2: =SUMIFS('Task 2'!$F$2:$F$31,'Task 2'!$J$2:$J$31,"Action",'Task 2'!$H$2:$H$31,">200") -> 507
A3: 3.2 Calculate the average total gross for all movies in the "Action" genre and have a rating of 5 or more. | B3: =AVERAGEIFS('Task 2'!F2:F31,'Task 2'!J2:J31,"Action",'Task 2'!G2:G31,">=5") -> 646
A4: 3.3 Count the number of movies in the "Thriller" genre that earned more than ₹500 crores and had a rating of 8 or more. | B4: =COUNTIFS('Task 2'!J2:J31,"Thriller",'Task 2'!F2:F31,">500",'Task 2'!G2:G31,">=8") -> 1
